genome,fitness
"[[ 3.25756813e-03  7.94145476e-02 -1.38666111e+00 -9.92744905e-03
   7.09392162e-01  6.38694390e-04 -6.50190004e-01  3.53115412e-01]
 [ 8.23315150e-01  1.10300539e+01  2.91594532e+00  5.77473484e-04
   1.28854431e+00  2.43640988e-01 -5.40072114e-02  5.76301543e-01]
 [-4.93153134e-01  1.00593423e-02 -2.01544086e-01  5.40877655e+00
   1.08340872e-03 -1.27767145e+00  5.74135086e-02 -5.24398329e-02]
 [-3.34947732e-01  6.44358502e-03  1.83240713e-01  2.59685363e-02
  -5.16587047e-01  3.90216833e-01 -3.00718556e-01  1.53979181e-01]
 [ 2.58049022e-01 -4.10432204e+00  4.62844274e-02  2.52205029e-01
  -1.39243268e-01 -1.18537131e-01  1.18638716e-01  5.66703490e-01]
 [ 1.46655790e-02 -7.95215210e-02 -2.10688059e-01  9.30812596e-02
  -8.25926014e-02 -2.52141400e-02 -1.49857207e+00  6.15778939e-02]
 [-6.76459326e-01 -1.20654821e-02  2.85034305e-02 -2.17613180e+00
   1.58153319e-01 -3.12708854e-02 -2.30380817e-01 -6.02010991e-01]
 [ 6.55189815e-01 -2.63673592e-02 -7.19055204e-01  9.58370869e-01
  -7.50892171e-04 -1.41657931e-01 -2.36796657e-02 -4.20355788e-01]
 [-3.25275830e-01 -1.71672817e+00  3.13248052e-02 -1.56784064e-02
  -3.76925521e-01 -1.30095371e-02  1.07298754e-01  1.73335205e-01]
 [-3.94780707e+00  9.52376259e-01 -6.49702884e-01  4.81023941e-02
  -3.16528244e-02  7.81599979e-01  3.96002366e-02  4.69593992e-01]
 [-9.75857505e-01  2.11901325e+00  2.70111845e-01 -1.16314049e-02
  -4.11169688e-01  1.57124723e+00  2.71088180e-02  3.39525097e-01]
 [ 3.47471134e-02  6.14594086e-01 -3.89832182e+00  4.81782810e-01
   3.30954016e-01 -1.57684470e+00 -8.86666090e-01 -5.47039304e-01]
 [-2.55497183e-02 -4.67825039e-01 -2.03467710e+00  1.12686048e+00
  -3.79458533e-01 -4.92753542e-01 -8.24284568e-01  1.95992864e-01]
 [ 8.09363248e-01 -1.15057890e-01  2.16541872e-01  2.58483715e-01
   4.77684644e-01  1.76268058e-01  8.03908765e-01 -6.78702833e-01]]",0.0429534912109375
