gen,ind,genome,fitness
0,0,0,0.07029501348733902
0,1,0,0.19829824566841125
