gen,ind,genome,fitness
1,0,0,0.0703648179769516
1,1,0,-5.283023834228516
